		{

	"cnn": {
		"link": "http://edition.cnn.com/"
	},
	"bbc": {
		"rss": "http://feeds.bbci.co.uk/news/rss.xml",
		"link": "http://www.bbc.com/"
	},
	"theguardian": {
		"rss": "https://www.theguardian.com/uk/rss",
		"link": "https://www.theguardian.com/international"
	},
  "breitbart": {
    "link": "http://www.breitbart.com/"
  },
  "infowars": {
    "link": "https://www.infowars.com/"
  },
  "foxnews": {
    "link": "http://www.foxnews.com/"
  },
  "nbcnews": {
    "link": "http://www.nbcnews.com/"
  },
  "washingtonpost": {
    "rss": "http://feeds.washingtonpost.com/rss/world",
    "link": "https://www.washingtonpost.com/"
  }
}
